{"distinct": [{"__class__": "tuple", "__value__": [{"name": "philippe the original", "addr": "1001 north alameda", "city": "los angeles", "postal": "90012", "cluster": 17, "latlng": {"__class__": "tuple", "__value__": [34.059721, -118.237025]}}, {"name": "pisces", "addr": "95 ave. a", "city": "new york city", "postal": "10009", "cluster": 54, "latlng": {"__class__": "tuple", "__value__": [40.7256332, -73.984031]}}]}, {"__class__": "tuple", "__value__": [{"name": "philippe the original", "addr": "1001 n. alameda st.", "city": "chinatown", "postal": "90012", "cluster": 17, "latlng": {"__class__": "tuple", "__value__": [34.059721, -118.237025]}}, {"name": "mon kee seafood restaurant", "addr": "679 n. spring st.", "city": "los angeles", "postal": "90012", "cluster": 147, "latlng": {"__class__": "tuple", "__value__": [34.0595568, -118.2382488]}}]}, {"__class__": "tuple", "__value__": [{"name": "caffe vivaldi", "addr": "32 jones st. at bleecker st.", "city": "new york", "postal": "10014", "cluster": 211, "latlng": {"__class__": "tuple", "__value__": [40.7317316, -74.00298049999999]}}, {"name": "patria", "addr": "250 park ave. s at 20th st.", "city": "new york", "postal": "10003", "cluster": 323, "latlng": {"__class__": "tuple", "__value__": [40.7382552, -73.988214]}}]}, {"__class__": "tuple", "__value__": [{"name": "i trulli", "addr": "122 e. 27th st.  between lexington and park aves.", "city": "new york", "postal": "10028", "cluster": 265, "latlng": {"__class__": "tuple", "__value__": [40.77961699999999, -73.95631999999999]}}, {"name": "otabe", "addr": "68 e. 56th st.", "city": "new york", "postal": "10022", "cluster": 318, "latlng": {"__class__": "tuple", "__value__": [40.7611775, -73.9720541]}}]}, {"__class__": "tuple", "__value__": [{"name": "viva mercado s", "addr": "6182 w. flamingo rd.", "city": "las vegas", "postal": "89103", "cluster": 451, "latlng": {"__class__": "tuple", "__value__": [36.1149027, -115.2269398]}}, {"name": "cafe con leche", "addr": "424 amsterdam ave.", "city": "new york city", "postal": "10024", "cluster": 605, "latlng": {"__class__": "tuple", "__value__": [40.7841454, -73.9778061]}}]}, {"__class__": "tuple", "__value__": [{"name": "faz", "addr": "161 sutter st.", "city": "san francisco", "postal": "94104", "cluster": 469, "latlng": {"__class__": "tuple", "__value__": [37.78973999999999, -122.4032937]}}, {"name": "splendido embarcadero", "addr": "4", "city": "san francisco", "postal": null, "cluster": 513, "latlng": {"__class__": "tuple", "__value__": [37.7779649, -122.3962019]}}]}, {"__class__": "tuple", "__value__": [{"name": "hi life restaurant and lounge", "addr": "1340 1st ave. at 72nd st.", "city": "new york", "postal": "10021", "cluster": 262, "latlng": {"__class__": "tuple", "__value__": [40.7675807, -73.95580029999999]}}, {"name": "trattoria dell arte", "addr": "900 7th ave.  between 56th and 57th sts.", "city": "new york", "postal": "10106", "cluster": 362, "latlng": {"__class__": "tuple", "__value__": [40.7654454, -73.9805358]}}]}, {"__class__": "tuple", "__value__": [{"name": "lattanzi ristorante", "addr": "361 w. 46th st.", "city": "new york", "postal": "10036", "cluster": 283, "latlng": {"__class__": "tuple", "__value__": [40.7608494, -73.990016]}}, {"name": "pomaire", "addr": "371 w. 46th st.  off 9th ave.", "city": "new york", "postal": "10036", "cluster": 329, "latlng": {"__class__": "tuple", "__value__": [40.7609632, -73.9902681]}}]}, {"__class__": "tuple", "__value__": [{"name": "empire korea", "addr": "6 e. 32nd st.", "city": "new york", "postal": "10016", "cluster": 233, "latlng": {"__class__": "tuple", "__value__": [40.7465392, -73.9849772]}}, {"name": "tu lan", "addr": "8 sixth st.", "city": "san francisco", "postal": "94103", "cluster": 750, "latlng": {"__class__": "tuple", "__value__": [37.7818759, -122.41013]}}]}, {"__class__": "tuple", "__value__": [{"name": "mesa grill", "addr": "102 5th ave.  between 15th and 16th sts.", "city": "new york", "postal": "10011", "cluster": 47, "latlng": {"__class__": "tuple", "__value__": [40.7370445, -73.9931189]}}, {"name": "fiorello s roman cafe", "addr": "1900 broadway  between 63rd and 64th sts.", "city": "new york", "postal": "10023", "cluster": 241, "latlng": {"__class__": "tuple", "__value__": [40.7715867, -73.98138519999999]}}]}, {"__class__": "tuple", "__value__": [{"name": "second street grill", "addr": "200 e. fremont st.", "city": "las vegas", "postal": "89101", "cluster": 71, "latlng": {"__class__": "tuple", "__value__": [36.1709271, -115.1431516]}}, {"name": "paty s", "addr": "10001 riverside dr.", "city": "toluca lake", "postal": "91602", "cluster": 154, "latlng": {"__class__": "tuple", "__value__": [34.1524376, -118.3496191]}}]}, {"__class__": "tuple", "__value__": [{"name": "le colonial", "addr": "149 e. 57th st.", "city": "new york", "postal": "10022", "cluster": 286, "latlng": {"__class__": "tuple", "__value__": [40.7608569, -73.9683494]}}, {"name": "cassell s", "addr": "3266 w. sixth st.", "city": "la", "postal": "90020", "cluster": 547, "latlng": {"__class__": "tuple", "__value__": [34.0634809, -118.2936285]}}]}, {"__class__": "tuple", "__value__": [{"name": "cafe ritz carlton buckhead", "addr": "3434 peachtree rd.", "city": "atlanta", "postal": "30326", "cluster": 89, "latlng": {"__class__": "tuple", "__value__": [33.8508073, -84.364227]}}, {"name": "ritz carlton dining room buckhead ", "addr": "3434 peachtree rd. ne", "city": "atlanta", "postal": "30326", "cluster": 90, "latlng": {"__class__": "tuple", "__value__": [33.8508073, -84.364227]}}]}, {"__class__": "tuple", "__value__": [{"name": "pamir", "addr": "1065 1st ave.  at 58th st.", "city": "new york", "postal": "10022", "cluster": 321, "latlng": {"__class__": "tuple", "__value__": [40.7591914, -73.9626112]}}, {"name": "rosa mexicano", "addr": "1063 1st ave. at 58th st.", "city": "new york", "postal": "10022", "cluster": 337, "latlng": {"__class__": "tuple", "__value__": [40.75896580000001, -73.9627039]}}]}, {"__class__": "tuple", "__value__": [{"name": "le gamin", "addr": "50 macdougal st.  between houston and prince sts.", "city": "new york", "postal": "10012", "cluster": 287, "latlng": {"__class__": "tuple", "__value__": [40.7273246, -74.0024635]}}, {"name": "le marais", "addr": "150 w. 46th st.", "city": "new york", "postal": "10036", "cluster": 290, "latlng": {"__class__": "tuple", "__value__": [40.7580041, -73.98431149999999]}}]}, {"__class__": "tuple", "__value__": [{"name": "restaurant ritz carlton atlanta", "addr": "181 peachtree st.", "city": "atlanta", "postal": "30303", "cluster": 91, "latlng": {"__class__": "tuple", "__value__": [33.7585793, -84.3870657]}}, {"name": "ritz carlton cafe atlanta ", "addr": "181 peachtree st.", "city": "atlanta", "postal": "30303", "cluster": 711, "latlng": {"__class__": "tuple", "__value__": [33.7585793, -84.3870657]}}]}, {"__class__": "tuple", "__value__": [{"name": "tillerman", "addr": "2245 e. flamingo rd.", "city": "las vegas", "postal": "89119", "cluster": 73, "latlng": {"__class__": "tuple", "__value__": [36.114384, -115.1218936]}}, {"name": "original pantry bakery", "addr": "875 s. figueroa st. downtown", "city": "la", "postal": "90017", "cluster": 583, "latlng": {"__class__": "tuple", "__value__": [34.0464451, -118.2628321]}}]}, {"__class__": "tuple", "__value__": [{"name": "paty s", "addr": "10001 riverside dr.", "city": "toluca lake", "postal": "91602", "cluster": 154, "latlng": {"__class__": "tuple", "__value__": [34.1524376, -118.3496191]}}, {"name": "restaurant horikawa", "addr": "111 s. san pedro st.", "city": "los angeles", "postal": "90012", "cluster": 160, "latlng": {"__class__": "tuple", "__value__": [34.0500968, -118.2413802]}}]}, {"__class__": "tuple", "__value__": [{"name": "cafe ritz carlton buckhead", "addr": "3434 peachtree rd.", "city": "atlanta", "postal": "30326", "cluster": 89, "latlng": {"__class__": "tuple", "__value__": [33.8508073, -84.364227]}}, {"name": "dining room ritz carlton buckhead", "addr": "3434 peachtree rd.", "city": "atlanta", "postal": "30326", "cluster": 90, "latlng": {"__class__": "tuple", "__value__": [33.8508073, -84.364227]}}]}, {"__class__": "tuple", "__value__": [{"name": "arnie morton s of chicago", "addr": "435 s. la cienega blvd.", "city": "los angeles", "postal": "90048", "cluster": 0, "latlng": {"__class__": "tuple", "__value__": [34.070609, -118.376722]}}, {"name": "sarabeth s kitchen", "addr": "423 amsterdam ave.  between 80th and 81st sts.", "city": "new york", "postal": "10024", "cluster": 344, "latlng": {"__class__": "tuple", "__value__": [40.7838797, -73.97742439999999]}}]}, {"__class__": "tuple", "__value__": [{"name": "le colonial", "addr": "8783 beverly blvd.", "city": "los angeles", "postal": "90048", "cluster": 144, "latlng": {"__class__": "tuple", "__value__": [34.0773657, -118.3833566]}}, {"name": "cendrillon asian grill marimba bar", "addr": "45 mercer st.  between broome and grand sts.", "city": "new york", "postal": "10013", "cluster": 216, "latlng": {"__class__": "tuple", "__value__": [40.721674, -74.001407]}}]}, {"__class__": "tuple", "__value__": [{"name": "ritz carlton cafe buckhead ", "addr": "3434 peachtree rd. ne", "city": "atlanta", "postal": "30326", "cluster": 89, "latlng": {"__class__": "tuple", "__value__": [33.8508073, -84.364227]}}, {"name": "dining room ritz carlton buckhead", "addr": "3434 peachtree rd.", "city": "atlanta", "postal": "30326", "cluster": 90, "latlng": {"__class__": "tuple", "__value__": [33.8508073, -84.364227]}}]}], "match": [{"__class__": "tuple", "__value__": [{"name": "le bernardin", "addr": "155 w. 51st st.", "city": "new york", "postal": "10019", "cluster": 41, "latlng": {"__class__": "tuple", "__value__": [40.7615691, -73.98180479999999]}}, {"name": "le bernardin", "addr": "155 w. 51st st.", "city": "new york city", "postal": "10019", "cluster": 41, "latlng": {"__class__": "tuple", "__value__": [40.7615691, -73.98180479999999]}}]}, {"__class__": "tuple", "__value__": [{"name": "cafe lalo", "addr": "201 w. 83rd st.", "city": "new york", "postal": "10024", "cluster": 26, "latlng": {"__class__": "tuple", "__value__": [40.78598119999999, -73.97672659999999]}}, {"name": "cafe lalo", "addr": "201 w. 83rd st.", "city": "new york city", "postal": "10024", "cluster": 26, "latlng": {"__class__": "tuple", "__value__": [40.78598119999999, -73.97672659999999]}}]}, {"__class__": "tuple", "__value__": [{"name": "aquavit", "addr": "13 w. 54th st.", "city": "new york", "postal": "10019", "cluster": 24, "latlng": {"__class__": "tuple", "__value__": [40.7616767, -73.976345]}}, {"name": "aquavit", "addr": "13 w. 54th st.", "city": "new york city", "postal": "10019", "cluster": 24, "latlng": {"__class__": "tuple", "__value__": [40.7616767, -73.976345]}}]}, {"__class__": "tuple", "__value__": [{"name": "second avenue deli", "addr": "156 2nd ave. at 10th st.", "city": "new york", "postal": "10003", "cluster": 58, "latlng": {"__class__": "tuple", "__value__": [40.7296096, -73.9867012]}}, {"name": "second avenue deli", "addr": "156 second ave.", "city": "new york city", "postal": "10003", "cluster": 58, "latlng": {"__class__": "tuple", "__value__": [40.7296096, -73.9867012]}}]}, {"__class__": "tuple", "__value__": [{"name": "cafe ritz carlton buckhead", "addr": "3434 peachtree rd.", "city": "atlanta", "postal": "30326", "cluster": 89, "latlng": {"__class__": "tuple", "__value__": [33.8508073, -84.364227]}}, {"name": "ritz carlton cafe buckhead ", "addr": "3434 peachtree rd. ne", "city": "atlanta", "postal": "30326", "cluster": 89, "latlng": {"__class__": "tuple", "__value__": [33.8508073, -84.364227]}}]}, {"__class__": "tuple", "__value__": [{"name": "smith wollensky", "addr": "201 e. 49th st.", "city": "new york", "postal": "10017", "cluster": 62, "latlng": {"__class__": "tuple", "__value__": [40.755156, -73.9707177]}}, {"name": "smith wollensky", "addr": "797 third ave.", "city": "new york city", "postal": "10022", "cluster": 62, "latlng": {"__class__": "tuple", "__value__": [40.7551704, -73.9707437]}}]}, {"__class__": "tuple", "__value__": [{"name": "lespinasse", "addr": "2 e. 55th st.", "city": "new york", "postal": "10022", "cluster": 43, "latlng": {"__class__": "tuple", "__value__": [40.7613979, -73.9746128]}}, {"name": "lespinasse new york city ", "addr": "2 e. 55th st.", "city": "new york city", "postal": "10022", "cluster": 43, "latlng": {"__class__": "tuple", "__value__": [40.7613979, -73.9746128]}}]}, {"__class__": "tuple", "__value__": [{"name": "philippe s the original", "addr": "1001 n. alameda st.", "city": "los angeles", "postal": "90012", "cluster": 17, "latlng": {"__class__": "tuple", "__value__": [34.059721, -118.237025]}}, {"name": "philippe the original", "addr": "1001 north alameda", "city": "los angeles", "postal": "90012", "cluster": 17, "latlng": {"__class__": "tuple", "__value__": [34.059721, -118.237025]}}]}, {"__class__": "tuple", "__value__": [{"name": "georgia grille", "addr": "2290 peachtree rd.  peachtree square shopping center", "city": "atlanta", "postal": "30309", "cluster": 81, "latlng": {"__class__": "tuple", "__value__": [33.8168771, -84.3905065]}}, {"name": "georgia grille", "addr": "2290 peachtree rd.", "city": "atlanta", "postal": "30309", "cluster": 81, "latlng": {"__class__": "tuple", "__value__": [33.8171632, -84.3900366]}}]}, {"__class__": "tuple", "__value__": [{"name": "mifune japan center kintetsu building", "addr": "1737 post st.", "city": "san francisco", "postal": "94115", "cluster": 107, "latlng": {"__class__": "tuple", "__value__": [37.785329, -122.430369]}}, {"name": "mifune", "addr": "1737 post st.", "city": "san francisco", "postal": "94115", "cluster": 107, "latlng": {"__class__": "tuple", "__value__": [37.785329, -122.430369]}}]}, {"__class__": "tuple", "__value__": [{"name": "restaurant ritz carlton atlanta", "addr": "181 peachtree st.", "city": "atlanta", "postal": "30303", "cluster": 91, "latlng": {"__class__": "tuple", "__value__": [33.7585793, -84.3870657]}}, {"name": "ritz carlton restaurant", "addr": "181 peachtree st.", "city": "atlanta", "postal": "30303", "cluster": 91, "latlng": {"__class__": "tuple", "__value__": [33.7585793, -84.3870657]}}]}, {"__class__": "tuple", "__value__": [{"name": "le montrachet", "addr": "3000 w. paradise rd.", "city": "las vegas", "postal": "89109", "cluster": 69, "latlng": {"__class__": "tuple", "__value__": [36.1362611, -115.1512539]}}, {"name": "le montrachet bistro", "addr": "3000 paradise rd.", "city": "las vegas", "postal": "89109", "cluster": 69, "latlng": {"__class__": "tuple", "__value__": [36.1362611, -115.1512539]}}]}]}