{"distinct": [{"__class__": "tuple", "__value__": [{"name": "cite", "addr": "120 w. 51st st.", "city": "new york", "type": "french", "postal": "10019", "addr_variations": {"__class__": "frozenset", "__value__": ["120 w 51st street", "120 w 51 saint", "120 west 51 street", "120 west 51 saint", "120 west 51st street", "120 west 51st saint", "120 w 51st saint", "120 w 51 street"]}, "latlng": {"__class__": "tuple", "__value__": [40.7607952, -73.9812268]}}, {"name": "new york noodletown", "addr": "28 1/2 bowery at bayard st.", "city": "new york", "type": "asian", "postal": "10013", "addr_variations": {"__class__": "frozenset", "__value__": ["28 1 2 bowery at bayard saint", "28 1 2 bowery at bayard street"]}, "latlng": {"__class__": "tuple", "__value__": [40.7150317, -73.9970383]}}]}, {"__class__": "tuple", "__value__": [{"name": "bernardin", "addr": "155 w. 51st st.", "city": "new york city", "type": "seafood", "postal": "10019", "addr_variations": {"__class__": "frozenset", "__value__": ["155 west 51st saint", "155 w 51 street", "155 west 51 street", "155 w 51st street", "155 west 51 saint", "155 w 51st saint", "155 west 51st street", "155 w 51 saint"]}, "latlng": {"__class__": "tuple", "__value__": [40.7615691, -73.98180479999999]}}, {"name": "republic", "addr": "37a union sq. w  between 16th and 17th sts.", "city": "new york", "type": "asian", "postal": "10003", "addr_variations": {"__class__": "frozenset", "__value__": ["37a union square west between 16th and 17 streets", "37 a union square west between 16th and 17th streets", "37 a union square w between 16th and 17 streets", "37 a union square west between 16 and 17 streets", "37a union square west between 16 and 17 streets", "37a union square w between 16 and 17 streets", "37 a union square west between 16th and 17 streets", "37a union square w between 16 and 17th streets", "37a union square west between 16 and 17th streets", "37a union square w between 16th and 17th streets", "37 a union square w between 16th and 17th streets", "37a union square west between 16th and 17th streets", "37a union square w between 16th and 17 streets", "37 a union square w between 16 and 17th streets", "37 a union square west between 16 and 17th streets", "37 a union square w between 16 and 17 streets"]}, "latlng": {"__class__": "tuple", "__value__": [40.7369985, -73.9907851]}}]}, {"__class__": "tuple", "__value__": [{"name": "dawat", "addr": "210 e. 58th st.", "city": "new york", "type": "asian", "postal": null, "addr_variations": {"__class__": "frozenset", "__value__": ["210 e 58th street", "210 east 58 street", "210 east 58th street", "210 e 58 street", "210 e 58 saint", "210 e 58th saint", "210 east 58 saint", "210 east 58th saint"]}, "latlng": null}, {"name": "rainbow restaurant", "addr": "2118 n. decatur rd.", "city": "decatur", "type": "vegetarian", "postal": "30033", "addr_variations": {"__class__": "frozenset", "__value__": ["2118 n decatur road", "2118 north decatur road"]}, "latlng": {"__class__": "tuple", "__value__": [33.7908588, -84.3052307]}}]}, {"__class__": "tuple", "__value__": [{"name": "yujean kang gourmet chinese cuisine", "addr": "67 n. raymond ave.", "city": "los angeles", "type": "asian", "postal": "91103", "addr_variations": {"__class__": "frozenset", "__value__": ["67 north raymond avenue", "67 nord raymond avenue", "67 n raymond avenue"]}, "latlng": {"__class__": "tuple", "__value__": [34.147086, -118.1490988]}}, {"name": "ruby", "addr": "45 s. fair oaks ave.", "city": "pasadena", "type": "diners", "postal": "91105", "addr_variations": {"__class__": "frozenset", "__value__": ["45 san fair oaks avenue", "45 south fair oaks avenue", "45 s fair oaks avenue"]}, "latlng": {"__class__": "tuple", "__value__": [34.1449715, -118.1506038]}}]}, {"__class__": "tuple", "__value__": [{"name": "coyote cafe", "addr": "3799 las vegas blvd. s", "city": "las vegas", "type": "southwestern", "postal": "89109", "addr_variations": {"__class__": "frozenset", "__value__": ["3799 las vegas boulevard san", "3799 las vegas boulevard south", "3799 las vegas boulevard s", "3799 las vegas boulevard sur"]}, "latlng": {"__class__": "tuple", "__value__": [36.1022507, -115.1699679]}}, {"name": "tre visi", "addr": "3799 las vegas blvd. s.", "city": "las vegas", "type": "italian", "postal": "89109", "addr_variations": {"__class__": "frozenset", "__value__": ["3799 las vegas boulevard san", "3799 las vegas boulevard south", "3799 las vegas boulevard s", "3799 las vegas boulevard sur"]}, "latlng": {"__class__": "tuple", "__value__": [36.1022507, -115.1699679]}}]}, {"__class__": "tuple", "__value__": [{"name": "osteria del forno", "addr": "519 columbus ave.", "city": "san francisco", "type": "italian", "postal": "94133", "addr_variations": {"__class__": "frozenset", "__value__": ["519 columbus avenue"]}, "latlng": {"__class__": "tuple", "__value__": [37.799736, -122.4096355]}}, {"name": "caffe greco", "addr": "423 columbus ave.", "city": "san francisco", "type": "continental", "postal": "94133", "addr_variations": {"__class__": "frozenset", "__value__": ["423 columbus avenue"]}, "latlng": {"__class__": "tuple", "__value__": [37.7989568, -122.4086733]}}]}, {"__class__": "tuple", "__value__": [{"name": "orangerie", "addr": "903 n. la cienega blvd.", "city": "los angeles", "type": "french", "postal": "90069", "addr_variations": {"__class__": "frozenset", "__value__": ["903 n lane cienega boulevard", "903 north louisiana cienega boulevard", "903 n louisiana cienega boulevard", "903 norte la cienega boulevard", "903 n la cienega boulevard", "903 norte lane cienega boulevard", "903 north lane cienega boulevard", "903 norte louisiana cienega boulevard", "903 north la cienega boulevard"]}, "latlng": {"__class__": "tuple", "__value__": [34.0870981, -118.376626]}}, {"name": "drai", "addr": "730 n. la cienega blvd.", "city": "los angeles", "type": "french", "postal": "90069", "addr_variations": {"__class__": "frozenset", "__value__": ["730 n lane cienega boulevard", "730 north lane cienega boulevard", "730 norte la cienega boulevard", "730 norte louisiana cienega boulevard", "730 n louisiana cienega boulevard", "730 norte lane cienega boulevard", "730 north louisiana cienega boulevard", "730 n la cienega boulevard", "730 north la cienega boulevard"]}, "latlng": {"__class__": "tuple", "__value__": [34.0845064, -118.3761899]}}]}, {"__class__": "tuple", "__value__": [{"name": "chin", "addr": "3200 las vegas blvd. s", "city": "las vegas", "type": "asian", "postal": "89109", "addr_variations": {"__class__": "frozenset", "__value__": ["3200 las vegas boulevard s", "3200 las vegas boulevard south", "3200 las vegas boulevard san", "3200 las vegas boulevard sur"]}, "latlng": {"__class__": "tuple", "__value__": [36.1275236, -115.1715003]}}, {"name": "morton chicago las vegas", "addr": "3200 las vegas blvd. s.", "city": "las vegas", "type": "steakhouses", "postal": "89109", "addr_variations": {"__class__": "frozenset", "__value__": ["3200 las vegas boulevard s", "3200 las vegas boulevard south", "3200 las vegas boulevard san", "3200 las vegas boulevard sur"]}, "latlng": {"__class__": "tuple", "__value__": [36.1275236, -115.1715003]}}]}, {"__class__": "tuple", "__value__": [{"name": "locanda veneta", "addr": "3rd st.", "city": "los angeles", "type": "italian", "postal": null, "addr_variations": {"__class__": "frozenset", "__value__": ["3 saint", "3rd street", "3 street", "3rd saint"]}, "latlng": {"__class__": "tuple", "__value__": [33.4947903, -112.069374]}}, {"name": "sofi", "addr": "3rd st.", "city": "los angeles", "type": "mediterranean", "postal": null, "addr_variations": {"__class__": "frozenset", "__value__": ["3 saint", "3rd street", "3 street", "3rd saint"]}, "latlng": {"__class__": "tuple", "__value__": [33.4947903, -112.069374]}}]}, {"__class__": "tuple", "__value__": [{"name": "postrio", "addr": "545 post st.", "city": "san francisco", "type": "american", "postal": "94102", "addr_variations": {"__class__": "frozenset", "__value__": ["545 post street", "545 post saint"]}, "latlng": {"__class__": "tuple", "__value__": [37.78782959999999, -122.4107561]}}, {"name": "pacific pan pacific hotel", "addr": "500 post st.", "city": "san francisco", "type": "french", "postal": "94102", "addr_variations": {"__class__": "frozenset", "__value__": ["500 post saint", "500 post street"]}, "latlng": {"__class__": "tuple", "__value__": [37.7883396, -122.4103029]}}]}, {"__class__": "tuple", "__value__": [{"name": "teresa", "addr": "103 1st ave.  between 6th and 7th sts.", "city": "new york", "type": "east european", "postal": "10003", "addr_variations": {"__class__": "frozenset", "__value__": ["103 1 avenue between 6 and 7 streets", "103 1 avenue between 6th and 7 streets", "103 1st avenue between 6 and 7th streets", "103 1st avenue between 6th and 7 streets", "103 1 avenue between 6th and 7th streets", "103 1st avenue between 6th and 7th streets", "103 1st avenue between 6 and 7 streets", "103 1 avenue between 6 and 7th streets"]}, "latlng": {"__class__": "tuple", "__value__": [40.7266961, -73.9861943]}}, {"name": "teresa", "addr": "80 montague st.", "city": "queens", "type": "polish", "postal": "11201", "addr_variations": {"__class__": "frozenset", "__value__": ["80 montague saint", "80 montague street"]}, "latlng": {"__class__": "tuple", "__value__": [40.6951748, -73.9962484]}}]}, {"__class__": "tuple", "__value__": [{"name": "cafe ritz carlton buckhead", "addr": "3434 peachtree rd.", "city": "atlanta", "type": "ext 6108 international", "postal": "30326", "addr_variations": {"__class__": "frozenset", "__value__": ["3434 peachtree road"]}, "latlng": {"__class__": "tuple", "__value__": [33.8508073, -84.364227]}}, {"name": "dining room ritz carlton buckhead", "addr": "3434 peachtree rd.", "city": "atlanta", "type": "international", "postal": "30326", "addr_variations": {"__class__": "frozenset", "__value__": ["3434 peachtree road"]}, "latlng": {"__class__": "tuple", "__value__": [33.8508073, -84.364227]}}]}, {"__class__": "tuple", "__value__": [{"name": "c3", "addr": "103 waverly pl.  near washington sq.", "city": "new york", "type": "american", "postal": "10011", "addr_variations": {"__class__": "frozenset", "__value__": ["103 waverly plain near washington square", "103 waverly place near washington square"]}, "latlng": {"__class__": "tuple", "__value__": [40.7324496, -73.9987276]}}, {"name": "caffe dell artista", "addr": "46 greenwich ave.", "city": "new york", "type": "coffee bar", "postal": "10011", "addr_variations": {"__class__": "frozenset", "__value__": ["46 greenwich avenue"]}, "latlng": {"__class__": "tuple", "__value__": [40.735596, -74.000357]}}]}, {"__class__": "tuple", "__value__": [{"name": "main street", "addr": "446 columbus ave.  between 81st and 82nd sts.", "city": "new york", "type": "american", "postal": "10024", "addr_variations": {"__class__": "frozenset", "__value__": ["446 columbus avenue between 81st and 82 streets", "446 columbus avenue between 81 and 82 streets", "446 columbus avenue between 81st and 82nd streets", "446 columbus avenue between 81 and 82nd streets"]}, "latlng": {"__class__": "tuple", "__value__": [40.784841, -73.97746599999999]}}, {"name": "rain", "addr": "100 w. 82nd st.", "city": "new york", "type": "asian", "postal": "10024", "addr_variations": {"__class__": "frozenset", "__value__": ["100 w 82 street", "100 w 82nd saint", "100 w 82 saint", "100 west 82nd street", "100 w 82nd street", "100 west 82nd saint", "100 west 82 saint", "100 west 82 street"]}, "latlng": {"__class__": "tuple", "__value__": [40.7839758, -73.9745045]}}]}, {"__class__": "tuple", "__value__": [{"name": "folie", "addr": "2316 polk st.", "city": "san francisco", "type": "french", "postal": "94109", "addr_variations": {"__class__": "frozenset", "__value__": ["2316 polk street", "2316 polk saint"]}, "latlng": {"__class__": "tuple", "__value__": [37.7981417, -122.4220609]}}, {"name": "mario bohemian cigar store cafe", "addr": "2209 polk st.", "city": "san francisco", "type": "italian", "postal": "94109", "addr_variations": {"__class__": "frozenset", "__value__": ["2209 polk street", "2209 polk saint"]}, "latlng": {"__class__": "tuple", "__value__": [37.7971197, -122.4222379]}}]}, {"__class__": "tuple", "__value__": [{"name": "locanda veneta", "addr": "3rd st.", "city": "los angeles", "type": "italian", "postal": null, "addr_variations": {"__class__": "frozenset", "__value__": ["3 saint", "3rd street", "3 street", "3rd saint"]}, "latlng": {"__class__": "tuple", "__value__": [33.4947903, -112.069374]}}, {"name": "cava", "addr": "3rd st.", "city": "los angeles", "type": "mediterranean", "postal": null, "addr_variations": {"__class__": "frozenset", "__value__": ["3 saint", "3rd street", "3 street", "3rd saint"]}, "latlng": {"__class__": "tuple", "__value__": [33.4947903, -112.069374]}}]}, {"__class__": "tuple", "__value__": [{"name": "lanza restaurant", "addr": "168 1st ave.  between 10th and 11th sts.", "city": "new york", "type": "italian", "postal": "10009", "addr_variations": {"__class__": "frozenset", "__value__": ["168 1st avenue between 10 and 11 streets", "168 1st avenue between 10 and 11th streets", "168 1st avenue between 10th and 11th streets", "168 1 avenue between 10 and 11th streets", "168 1 avenue between 10 and 11 streets", "168 1 avenue between 10th and 11th streets", "168 1st avenue between 10th and 11 streets", "168 1 avenue between 10th and 11 streets"]}, "latlng": {"__class__": "tuple", "__value__": [40.728755, -73.98406500000002]}}, {"name": "xunta", "addr": "174 1st ave.  between 10th and 11th sts.", "city": "new york", "type": "mediterranean", "postal": "10009", "addr_variations": {"__class__": "frozenset", "__value__": ["174 1 avenue between 10th and 11th streets", "174 1 avenue between 10th and 11 streets", "174 1st avenue between 10 and 11th streets", "174 1st avenue between 10th and 11 streets", "174 1st avenue between 10th and 11th streets", "174 1 avenue between 10 and 11 streets", "174 1 avenue between 10 and 11th streets", "174 1st avenue between 10 and 11 streets"]}, "latlng": {"__class__": "tuple", "__value__": [40.72907, -73.983948]}}]}, {"__class__": "tuple", "__value__": [{"name": "caffe lure", "addr": "169 sullivan st.  between houston and bleecker sts.", "city": "new york", "type": "french", "postal": "10012", "addr_variations": {"__class__": "frozenset", "__value__": ["169 sullivan street between houston and bleecker streets", "169 sullivan saint between houston and bleecker streets"]}, "latlng": {"__class__": "tuple", "__value__": [40.7279278, -74.0009847]}}, {"name": "caffe reggio", "addr": "119 macdougal st.  between 3rd and bleecker sts.", "city": "new york", "type": "coffee bar", "postal": "10012", "addr_variations": {"__class__": "frozenset", "__value__": ["119 macdougal saint between 3rd and bleecker streets", "119 macdougal street between 3rd and bleecker streets", "119 macdougal street between 3 and bleecker streets", "119 macdougal saint between 3 and bleecker streets"]}, "latlng": {"__class__": "tuple", "__value__": [40.73030790000001, -74.0003706]}}]}, {"__class__": "tuple", "__value__": [{"name": "ritz carlton dining room buckhead", "addr": "3434 peachtree rd. ne", "city": "atlanta", "type": "american (new)", "postal": "30326", "addr_variations": {"__class__": "frozenset", "__value__": ["3434 peachtree road northeast", "3434 peachtree road nebraska", "3434 peachtree road ne"]}, "latlng": {"__class__": "tuple", "__value__": [33.8508073, -84.364227]}}, {"name": "monte carlo", "addr": "3145 las vegas blvd. s.", "city": "las vegas", "type": "french (new)", "postal": "89109", "addr_variations": {"__class__": "frozenset", "__value__": ["3145 las vegas boulevard sur", "3145 las vegas boulevard s", "3145 las vegas boulevard san", "3145 las vegas boulevard south"]}, "latlng": {"__class__": "tuple", "__value__": [36.127675, -115.1664725]}}]}, {"__class__": "tuple", "__value__": [{"name": "park avenue cafe", "addr": "100 e. 63rd st.", "city": "new york", "type": "american", "postal": "10065", "addr_variations": {"__class__": "frozenset", "__value__": ["100 e 63 saint", "100 east 63rd saint", "100 east 63rd street", "100 e 63rd street", "100 e 63rd saint", "100 e 63 street", "100 east 63 street", "100 east 63 saint"]}, "latlng": {"__class__": "tuple", "__value__": [40.7650225, -73.9676044]}}, {"name": "west beach cafe", "addr": "60 n. venice blvd.", "city": "los angeles", "type": "american", "postal": "90291", "addr_variations": {"__class__": "frozenset", "__value__": ["60 north venice boulevard", "60 n venice boulevard"]}, "latlng": {"__class__": "tuple", "__value__": [33.984674, -118.4703147]}}]}, {"__class__": "tuple", "__value__": [{"name": "rain", "addr": "100 w. 82nd st.", "city": "new york", "type": "asian", "postal": "10024", "addr_variations": {"__class__": "frozenset", "__value__": ["100 w 82 street", "100 w 82nd saint", "100 w 82 saint", "100 west 82nd street", "100 w 82nd street", "100 west 82nd saint", "100 west 82 saint", "100 west 82 street"]}, "latlng": {"__class__": "tuple", "__value__": [40.7839758, -73.9745045]}}, {"name": "splendido embarcadero", "addr": "4", "city": "san francisco", "type": "mediterranean", "postal": null, "addr_variations": {"__class__": "frozenset", "__value__": ["4"]}, "latlng": {"__class__": "tuple", "__value__": [37.7773755, -122.395447]}}]}, {"__class__": "tuple", "__value__": [{"name": "cava", "addr": "3rd st.", "city": "los angeles", "type": "mediterranean", "postal": null, "addr_variations": {"__class__": "frozenset", "__value__": ["3 saint", "3rd street", "3 street", "3rd saint"]}, "latlng": {"__class__": "tuple", "__value__": [33.4947903, -112.069374]}}, {"name": "veniero pasticceria", "addr": "342 e. 11th st.  near 1st ave.", "city": "new york", "type": "coffee bar", "postal": "10003", "addr_variations": {"__class__": "frozenset", "__value__": ["342 east 11th saint near 1 avenue", "342 e 11th saint near 1 avenue", "342 east 11 saint near 1 avenue", "342 east 11 street near 1st avenue", "342 east 11th street near 1st avenue", "342 e 11 saint near 1 avenue", "342 east 11th street near 1 avenue", "342 e 11 street near 1st avenue", "342 east 11th saint near 1st avenue", "342 e 11th street near 1 avenue", "342 e 11th saint near 1st avenue", "342 e 11 saint near 1st avenue", "342 east 11 saint near 1st avenue", "342 e 11 street near 1 avenue", "342 e 11th street near 1st avenue", "342 east 11 street near 1 avenue"]}, "latlng": {"__class__": "tuple", "__value__": [40.7294893, -73.98452019999999]}}]}, {"__class__": "tuple", "__value__": [{"name": "szechuan hunan cottage", "addr": "1588 york ave.", "city": "new york city", "type": "chinese", "postal": "10028", "addr_variations": {"__class__": "frozenset", "__value__": ["1588 york avenue"]}, "latlng": {"__class__": "tuple", "__value__": [40.7743013, -73.94803689999999]}}, {"name": "szechuan kitchen", "addr": "1460 first ave.", "city": "new york city", "type": "chinese", "postal": "10021", "addr_variations": {"__class__": "frozenset", "__value__": ["1460 1st avenue", "1460 1 avenue"]}, "latlng": {"__class__": "tuple", "__value__": [40.7700976, -73.95371999999999]}}]}, {"__class__": "tuple", "__value__": [{"name": "jody maroni sausage kingdom", "addr": "2011 ocean front walk", "city": "venice", "type": "hot dogs", "postal": "90291", "addr_variations": {"__class__": "frozenset", "__value__": ["2011 ocean front walk"]}, "latlng": {"__class__": "tuple", "__value__": [33.9846332, -118.471432]}}, {"name": "joe", "addr": "1023 abbot kinney blvd.", "city": "venice", "type": "american (new)", "postal": "90291", "addr_variations": {"__class__": "frozenset", "__value__": ["1023 abbot kinney boulevard"]}, "latlng": {"__class__": "tuple", "__value__": [33.9922429, -118.4718658]}}]}], "match": [{"__class__": "tuple", "__value__": [{"name": "dawat", "addr": "210 e. 58th st.", "city": "new york", "type": "asian", "postal": null, "addr_variations": {"__class__": "frozenset", "__value__": ["210 e 58th street", "210 east 58 street", "210 east 58th street", "210 e 58 street", "210 e 58 saint", "210 e 58th saint", "210 east 58 saint", "210 east 58th saint"]}, "latlng": null}, {"name": "dawat", "addr": "210 e. 58th st.", "city": "new york city", "type": "indian", "postal": "10022", "addr_variations": {"__class__": "frozenset", "__value__": ["210 e 58th street", "210 east 58 street", "210 east 58th street", "210 e 58 street", "210 e 58 saint", "210 e 58th saint", "210 east 58 saint", "210 east 58th saint"]}, "latlng": {"__class__": "tuple", "__value__": [40.7604227, -73.9664276]}}]}, {"__class__": "tuple", "__value__": [{"name": "art delicatessen", "addr": "12224 ventura blvd.", "city": "studio city", "type": "american", "postal": "91604", "addr_variations": {"__class__": "frozenset", "__value__": ["12224 ventura boulevard"]}, "latlng": {"__class__": "tuple", "__value__": [34.1429661, -118.3994688]}}, {"name": "art deli", "addr": "12224 ventura blvd.", "city": "los angeles", "type": "delis", "postal": "91604", "addr_variations": {"__class__": "frozenset", "__value__": ["12224 ventura boulevard"]}, "latlng": {"__class__": "tuple", "__value__": [34.1429661, -118.3994688]}}]}, {"__class__": "tuple", "__value__": [{"name": "gotham bar grill", "addr": "12 e 12th st", "city": "new york city", "type": "new american", "postal": "10003", "addr_variations": {"__class__": "frozenset", "__value__": ["12 east 12 saint", "12 east 12 street", "12 east 12th street", "12 e 12th saint", "12 east 12th saint", "12 e 12th street", "12 e 12 street", "12 e 12 saint"]}, "latlng": {"__class__": "tuple", "__value__": [40.734207, -73.99369899999999]}}, {"name": "gotham", "addr": "12 e 12th st", "city": "new york", "type": "new american", "postal": "10003", "addr_variations": {"__class__": "frozenset", "__value__": ["12 east 12 saint", "12 east 12 street", "12 east 12th street", "12 e 12th saint", "12 east 12th saint", "12 e 12th street", "12 e 12 street", "12 e 12 saint"]}, "latlng": {"__class__": "tuple", "__value__": [40.734207, -73.99369899999999]}}]}, {"__class__": "tuple", "__value__": [{"name": "plumpjack cafe", "addr": "3201 fillmore st.", "city": "san francisco", "type": "mediterranean", "postal": "94123", "addr_variations": {"__class__": "frozenset", "__value__": ["3201 fillmore saint", "3201 fillmore street"]}, "latlng": {"__class__": "tuple", "__value__": [37.79911990000001, -122.4360911]}}, {"name": "plumpjack cafe", "addr": "3127 fillmore st.", "city": "san francisco", "type": "american (new)", "postal": "94123", "addr_variations": {"__class__": "frozenset", "__value__": ["3127 fillmore street", "3127 fillmore saint"]}, "latlng": {"__class__": "tuple", "__value__": [37.79834090000001, -122.4359412]}}]}, {"__class__": "tuple", "__value__": [{"name": "dining room ritz carlton buckhead", "addr": "3434 peachtree rd.", "city": "atlanta", "type": "international", "postal": "30326", "addr_variations": {"__class__": "frozenset", "__value__": ["3434 peachtree road"]}, "latlng": {"__class__": "tuple", "__value__": [33.8508073, -84.364227]}}, {"name": "ritz carlton dining room buckhead", "addr": "3434 peachtree rd. ne", "city": "atlanta", "type": "american (new)", "postal": "30326", "addr_variations": {"__class__": "frozenset", "__value__": ["3434 peachtree road northeast", "3434 peachtree road nebraska", "3434 peachtree road ne"]}, "latlng": {"__class__": "tuple", "__value__": [33.8508073, -84.364227]}}]}, {"__class__": "tuple", "__value__": [{"name": "philippe original", "addr": "1001 n. alameda st.", "city": "los angeles", "type": "american", "postal": "90012", "addr_variations": {"__class__": "frozenset", "__value__": ["1001 nosso alameda saint", "1001 north alameda street", "1001 n alameda santo", "1001 n alameda street", "1001 north alameda santo", "1001 norte alameda street", "1001 north alameda saint", "1001 nosso alameda santo", "1001 n alameda saint", "1001 norte alameda saint", "1001 norte alameda santo", "1001 nosso alameda street"]}, "latlng": {"__class__": "tuple", "__value__": [34.059721, -118.237025]}}, {"name": "philippe original", "addr": "1001 north alameda", "city": "los angeles", "type": "sandwiches", "postal": "90012", "addr_variations": {"__class__": "frozenset", "__value__": ["1001 north alameda"]}, "latlng": {"__class__": "tuple", "__value__": [34.059721, -118.237025]}}]}, {"__class__": "tuple", "__value__": [{"name": "hotel bel air", "addr": "701 stone canyon rd.", "city": "bel air", "type": "californian", "postal": "90077", "addr_variations": {"__class__": "frozenset", "__value__": ["701 stone canyon road"]}, "latlng": {"__class__": "tuple", "__value__": [34.0865944, -118.4463507]}}, {"name": "bel air hotel", "addr": "701 stone canyon rd.", "city": "bel air", "type": "californian", "postal": "90077", "addr_variations": {"__class__": "frozenset", "__value__": ["701 stone canyon road"]}, "latlng": {"__class__": "tuple", "__value__": [34.0865944, -118.4463507]}}]}, {"__class__": "tuple", "__value__": [{"name": "fenix", "addr": "8358 sunset blvd. west", "city": "hollywood", "type": "american", "postal": "90069", "addr_variations": {"__class__": "frozenset", "__value__": ["8358 sunset boulevard west"]}, "latlng": {"__class__": "tuple", "__value__": [34.0950968, -118.3719666]}}, {"name": "fenix at argyle", "addr": "8358 sunset blvd. west", "city": "hollywood", "type": "american", "postal": "90069", "addr_variations": {"__class__": "frozenset", "__value__": ["8358 sunset boulevard west"]}, "latlng": {"__class__": "tuple", "__value__": [34.0950968, -118.3719666]}}]}, {"__class__": "tuple", "__value__": [{"name": "lulu", "addr": "816 folsom st.", "city": "san francisco", "type": "mediterranean", "postal": "94107", "addr_variations": {"__class__": "frozenset", "__value__": ["816 folsom street", "816 folsom saint"]}, "latlng": {"__class__": "tuple", "__value__": [37.7817926, -122.4018175]}}, {"name": "lulu restaurant bis cafe", "addr": "816 folsom st.", "city": "san francisco", "type": "mediterranean", "postal": "94107", "addr_variations": {"__class__": "frozenset", "__value__": ["816 folsom street", "816 folsom saint"]}, "latlng": {"__class__": "tuple", "__value__": [37.7817926, -122.4018175]}}]}, {"__class__": "tuple", "__value__": [{"name": "pinot bistro", "addr": "12969 ventura blvd.", "city": "los angeles", "type": "french", "postal": "91604", "addr_variations": {"__class__": "frozenset", "__value__": ["12969 ventura boulevard"]}, "latlng": {"__class__": "tuple", "__value__": [34.14571950000001, -118.4160795]}}, {"name": "pinot bistro", "addr": "12969 ventura boulevard", "city": "studio city", "type": "bistro", "postal": "91604", "addr_variations": {"__class__": "frozenset", "__value__": ["12969 ventura boulevard"]}, "latlng": {"__class__": "tuple", "__value__": [34.14571950000001, -118.4160795]}}]}, {"__class__": "tuple", "__value__": [{"name": "gramercy tavern", "addr": "42 e. 20th st.  between park ave. s and broadway", "city": "new york", "type": "american", "postal": "10003", "addr_variations": {"__class__": "frozenset", "__value__": ["42 east 20 street between park avenue south and broadway", "42 e 20 saint between park avenue san and broadway", "42 east 20th street between park avenue s and broadway", "42 east 20 saint between park avenue san and broadway", "42 e 20 street between park avenue san and broadway", "42 e 20th saint between park avenue s and broadway", "42 east 20th street between park avenue south and broadway", "42 east 20 street between park avenue s and broadway", "42 e 20th street between park avenue s and broadway", "42 east 20th saint between park avenue san and broadway", "42 east 20 street between park avenue san and broadway", "42 e 20th saint between park avenue south and broadway", "42 e 20th saint between park avenue san and broadway", "42 east 20 saint between park avenue s and broadway", "42 east 20 saint between park avenue south and broadway", "42 east 20th saint between park avenue south and broadway", "42 e 20 saint between park avenue south and broadway", "42 e 20th street between park avenue san and broadway", "42 e 20 street between park avenue s and broadway", "42 e 20 saint between park avenue s and broadway", "42 east 20th street between park avenue san and broadway", "42 east 20th saint between park avenue s and broadway", "42 e 20 street between park avenue south and broadway", "42 e 20th street between park avenue south and broadway"]}, "latlng": {"__class__": "tuple", "__value__": [40.7384555, -73.98850639999999]}}, {"name": "gramercy tavern", "addr": "42 e. 20th st.", "city": "new york city", "type": "american (new)", "postal": "10003", "addr_variations": {"__class__": "frozenset", "__value__": ["42 east 20th street", "42 e 20th saint", "42 e 20th street", "42 east 20 street", "42 e 20 saint", "42 e 20 street", "42 east 20th saint", "42 east 20 saint"]}, "latlng": {"__class__": "tuple", "__value__": [40.7384647, -73.9884665]}}]}, {"__class__": "tuple", "__value__": [{"name": "montrachet", "addr": "239 w. broadway  between walker and white sts.", "city": "new york", "type": "french", "postal": "10013", "addr_variations": {"__class__": "frozenset", "__value__": ["239 w broadway between walker and white streets", "239 west broadway between walker and white streets"]}, "latlng": {"__class__": "tuple", "__value__": [40.7195598, -74.0057489]}}, {"name": "montrachet", "addr": "239 w. broadway", "city": "new york city", "type": "french bistro", "postal": "10013", "addr_variations": {"__class__": "frozenset", "__value__": ["239 west broadway", "239 w broadway"]}, "latlng": {"__class__": "tuple", "__value__": [40.7194666, -74.0057516]}}]}, {"__class__": "tuple", "__value__": [{"name": "smith wollensky", "addr": "201 e. 49th st.", "city": "new york", "type": "american", "postal": "10017", "addr_variations": {"__class__": "frozenset", "__value__": ["201 east 49 saint", "201 e 49 saint", "201 east 49th street", "201 e 49th street", "201 e 49 street", "201 east 49th saint", "201 e 49th saint", "201 east 49 street"]}, "latlng": {"__class__": "tuple", "__value__": [40.755156, -73.9707177]}}, {"name": "smith wollensky", "addr": "797 third ave.", "city": "new york city", "type": "steakhouses", "postal": "10022", "addr_variations": {"__class__": "frozenset", "__value__": ["797 3rd avenue", "797 3 avenue"]}, "latlng": {"__class__": "tuple", "__value__": [40.7551704, -73.9707437]}}]}, {"__class__": "tuple", "__value__": [{"name": "tavern green", "addr": "in central park at 67th st.", "city": "new york", "type": "american", "postal": "10023", "addr_variations": {"__class__": "frozenset", "__value__": ["indiana central park at 67 saint", "in central park at 67 saint", "indiana central park at 67 street", "indiana central park at 67th street", "in central park at 67th street", "in central park at 67 street", "indiana central park at 67th saint", "in central park at 67th saint"]}, "latlng": {"__class__": "tuple", "__value__": [40.7730403, -73.97829449999999]}}, {"name": "tavern green", "addr": "central park west", "city": "new york city", "type": "american (new)", "postal": null, "addr_variations": {"__class__": "frozenset", "__value__": ["central park west"]}, "latlng": {"__class__": "tuple", "__value__": [40.7848582, -73.9696519]}}]}, {"__class__": "tuple", "__value__": [{"name": "montrachet", "addr": "3000 w. paradise rd.", "city": "las vegas", "type": "continental", "postal": "89109", "addr_variations": {"__class__": "frozenset", "__value__": ["3000 w paradise road", "3000 west paradise road"]}, "latlng": {"__class__": "tuple", "__value__": [36.1362611, -115.1512539]}}, {"name": "montrachet bistro", "addr": "3000 paradise rd.", "city": "las vegas", "type": "french bistro", "postal": "89109", "addr_variations": {"__class__": "frozenset", "__value__": ["3000 paradise road"]}, "latlng": {"__class__": "tuple", "__value__": [36.1362611, -115.1512539]}}]}, {"__class__": "tuple", "__value__": [{"name": "ritz carlton restaurant dining room", "addr": "600 stockton st.", "city": "san francisco", "type": "american", "postal": "94108", "addr_variations": {"__class__": "frozenset", "__value__": ["600 stockton saint", "600 stockton street"]}, "latlng": {"__class__": "tuple", "__value__": [37.7918754, -122.4070392]}}, {"name": "ritz carlton dining room san francisco", "addr": "600 stockton st.", "city": "san francisco", "type": "french (new)", "postal": "94108", "addr_variations": {"__class__": "frozenset", "__value__": ["600 stockton saint", "600 stockton street"]}, "latlng": {"__class__": "tuple", "__value__": [37.7918754, -122.4070392]}}]}, {"__class__": "tuple", "__value__": [{"name": "arnie morton chicago", "addr": "435 s. la cienega blv.", "city": "los angeles", "type": "american", "postal": "90048", "addr_variations": {"__class__": "frozenset", "__value__": ["435 sur louisiana cienega boulevard", "435 s la cienega bulevar", "435 san louisiana cienega bulevar", "435 s lane cienega boulevard", "435 sur louisiana cienega bulevar", "435 san la cienega boulevard", "435 south lane cienega bulevar", "435 san lane cienega bulevar", "435 south lane cienega boulevard", "435 san la cienega bulevar", "435 sur lane cienega boulevard", "435 s louisiana cienega bulevar", "435 south louisiana cienega boulevard", "435 s louisiana cienega boulevard", "435 san lane cienega boulevard", "435 sur la cienega boulevard", "435 san louisiana cienega boulevard", "435 s lane cienega bulevar", "435 sur lane cienega bulevar", "435 s la cienega boulevard", "435 sur la cienega bulevar", "435 south la cienega bulevar", "435 south louisiana cienega bulevar", "435 south la cienega boulevard"]}, "latlng": {"__class__": "tuple", "__value__": [34.070609, -118.376722]}}, {"name": "arnie morton", "addr": "435 s. la cienega boulevard", "city": "los angeles", "type": "steakhouses", "postal": "90048", "addr_variations": {"__class__": "frozenset", "__value__": ["435 south louisiana cienega boulevard", "435 s la cienega boulevard", "435 s louisiana cienega boulevard", "435 san lane cienega boulevard", "435 san la cienega boulevard", "435 south lane cienega boulevard", "435 san louisiana cienega boulevard", "435 s lane cienega boulevard", "435 south la cienega boulevard"]}, "latlng": {"__class__": "tuple", "__value__": [34.070609, -118.376722]}}]}, {"__class__": "tuple", "__value__": [{"name": "palm", "addr": "9001 santa monica blvd.", "city": "los angeles", "type": "american", "postal": "90069", "addr_variations": {"__class__": "frozenset", "__value__": ["9001 santa monica boulevard"]}, "latlng": {"__class__": "tuple", "__value__": [34.083064, -118.387282]}}, {"name": "palm los angeles", "addr": "9001 sta monica boulevard", "city": "hollywood", "type": "steakhouses", "postal": "90069", "addr_variations": {"__class__": "frozenset", "__value__": ["9001 santa monica boulevard", "9001 station monica boulevard"]}, "latlng": {"__class__": "tuple", "__value__": [34.083064, -118.387282]}}]}, {"__class__": "tuple", "__value__": [{"name": "fringale", "addr": "570 4th st.", "city": "san francisco", "type": "french", "postal": "94107", "addr_variations": {"__class__": "frozenset", "__value__": ["570 4th saint", "570 4 street", "570 4 saint", "570 4th street"]}, "latlng": {"__class__": "tuple", "__value__": [37.7785416, -122.3971931]}}, {"name": "fringale", "addr": "570 fourth st.", "city": "san francisco", "type": "french bistro", "postal": "94107", "addr_variations": {"__class__": "frozenset", "__value__": ["570 4th saint", "570 4 street", "570 4 saint", "570 4th street"]}, "latlng": {"__class__": "tuple", "__value__": [37.7785416, -122.3971931]}}]}, {"__class__": "tuple", "__value__": [{"name": "locanda veneta", "addr": "8638 w 3rd", "city": "st los angeles", "type": "italian", "postal": "90048", "addr_variations": {"__class__": "frozenset", "__value__": ["8638 west 3", "8638 w 3", "8638 wohnung 3rd", "8638 weg 3", "8638 west 3rd", "8638 wohnung 3", "8638 weg 3rd", "8638 w 3rd"]}, "latlng": {"__class__": "tuple", "__value__": [34.0734172, -118.3810964]}}, {"name": "locanda", "addr": "w. third st.", "city": "st los angeles", "type": "italian", "postal": null, "addr_variations": {"__class__": "frozenset", "__value__": ["west 3 street", "w 3 street", "west 3rd saint", "w 3rd street", "west 3rd street", "west 3 saint", "w 3 saint", "w 3rd saint"]}, "latlng": {"__class__": "tuple", "__value__": [34.0689584, -118.3209281]}}]}, {"__class__": "tuple", "__value__": [{"name": "locanda veneta", "addr": "3rd st.", "city": "los angeles", "type": "italian", "postal": null, "addr_variations": {"__class__": "frozenset", "__value__": ["3 saint", "3rd street", "3 street", "3rd saint"]}, "latlng": {"__class__": "tuple", "__value__": [33.4947903, -112.069374]}}, {"name": "locanda veneta", "addr": "8638 w. third st.", "city": "los angeles", "type": "italian", "postal": "90048", "addr_variations": {"__class__": "frozenset", "__value__": ["8638 west 3rd saint", "8638 w 3rd street", "8638 w 3 street", "8638 west 3 saint", "8638 w 3 saint", "8638 west 3 street", "8638 west 3rd street", "8638 w 3rd saint"]}, "latlng": {"__class__": "tuple", "__value__": [34.0734172, -118.3810964]}}]}, {"__class__": "tuple", "__value__": [{"name": "locanda veneta", "addr": "3rd st.", "city": "los angeles", "type": "italian", "postal": null, "addr_variations": {"__class__": "frozenset", "__value__": ["3 saint", "3rd street", "3 street", "3rd saint"]}, "latlng": {"__class__": "tuple", "__value__": [33.4947903, -112.069374]}}, {"name": "locanda veneta", "addr": "8638 w 3rd", "city": "st los angeles", "type": "italian", "postal": "90048", "addr_variations": {"__class__": "frozenset", "__value__": ["8638 west 3", "8638 w 3", "8638 wohnung 3rd", "8638 weg 3", "8638 west 3rd", "8638 wohnung 3", "8638 weg 3rd", "8638 w 3rd"]}, "latlng": {"__class__": "tuple", "__value__": [34.0734172, -118.3810964]}}]}]}